{
  "severity": [
    "normal",
    "early",
    "moderate",
    "severe",
    "failure"
  ],
  "mode": [
    "bearing_wear",
    "cavitation",
    "imbalance",
    "misalignment",
    "normal_operation"
  ],
  "sensors": [
    "overall_vibration",
    "vibration_x",
    "vibration_y",
    "vibration_z",
    "motor_current",
    "pressure",
    "flow",
    "temperature"
  ],
  "feature_mean": [
    [
      1.2633273601531982,
      0.05170450732111931,
      1.1871899366378784,
      1.3416845798492432,
      1.2717710733413696,
      1.2315218448638916,
      1.2949838638305664,
      0.009011330083012581,
      -0.33033233880996704,
      0.003925156779587269,
      0.02691859006881714,
      -0.06194116547703743,
      0.06819479912519455,
      0.10439667850732803,
      -0.013561954721808434,
      0.02166033908724785,
      -0.016503777354955673,
      -0.21468745172023773,
      -0.00021412021305877715,
      0.019001377746462822,
      -0.04668251797556877,
      0.045213375240564346,
      0.05022585019469261,
      -0.012611272744834423,
      0.01232834067195654,
      0.0003040614246856421,
      0.006913363933563232,
      -0.000160362251335755,
      0.013527548871934414,
      -0.03326840326189995,
      0.03218553587794304,
      0.035882748663425446,
      -0.008975234813988209,
      0.008765220642089844,
      -0.005067457910627127,
      0.033191245049238205,
      16.771739959716797,
      0.09497515112161636,
      16.644182205200195,
      16.898479461669922,
      16.774883270263672,
      16.71489143371582,
      16.82875633239746,
      -0.005495901685208082,
      -0.08581379055976868,
      2.2643187046051025,
      0.013640929944813251,
      2.2444803714752197,
      2.2842116355895996,
      2.264824151992798,
      2.25602126121521,
      2.272587537765503,
      0.012359792366623878,
      -0.0715382993221283,
      87.50402069091797,
      0.672464907169342,
      86.58792114257812,
      88.4197006225586,
      87.53846740722656,
      87.0994873046875,
      87.90559387207031,
      -0.010589511133730412,
      -0.07135722786188126,
      50.572547912597656,
      0.3024124801158905,
      50.15980911254883,
      50.98136901855469,
      50.583045959472656,
      50.39126968383789,
      50.75461196899414,
      -0.016142314299941063,
      -0.07308810949325562
    ]
  ],
  "feature_std": [
    [
      1.0569335222244263,
      0.174345463514328,
      0.9956315755844116,
      1.1496024131774902,
      1.062432885169983,
      1.0412068367004395,
      1.096861481666565,
      0.6237501502037048,
      1.0411745309829712,
      0.09626438468694687,
      0.05936794728040695,
      0.17734786868095398,
      0.1740177720785141,
      0.0513046495616436,
      0.10417492687702179,
      0.10433010011911392,
      0.4821211099624634,
      1.2205703258514404,
      0.05329637601971626,
      0.041454464197158813,
      0.11581742763519287,
      0.11559052020311356,
      0.048963237553834915,
      0.059536442160606384,
      0.06079218536615372,
      0.29244348406791687,
      0.8849549889564514,
      0.038078561425209045,
      0.02961994893848896,
      0.08274177461862564,
      0.08260267227888107,
      0.034967415034770966,
      0.04252796992659569,
      0.043425992131233215,
      0.2967434227466583,
      0.8940266966819763,
      1.7558984756469727,
      0.31699296832084656,
      1.7472038269042969,
      1.8201398849487305,
      1.7571669816970825,
      1.763521671295166,
      1.7990443706512451,
      0.5370460152626038,
      0.8772305846214294,
      0.2628556489944458,
      0.04362914338707924,
      0.2758241891860962,
      0.2568568289279938,
      0.26249194145202637,
      0.2699013650417328,
      0.2622219920158386,
      0.5398248434066772,
      0.8655222058296204,
      13.066912651062012,
      2.248966932296753,
      13.626039505004883,
      12.879152297973633,
      13.04639720916748,
      13.399824142456055,
      13.077489852905273,
      0.5416077971458435,
      0.8837529420852661,
      5.743195056915283,
      1.0149874687194824,
      5.695337772369385,
      5.962924003601074,
      5.748158931732178,
      5.759331226348877,
      5.885956764221191,
      0.5353574156761169,
      0.8658442497253418
    ]
  ]
}